part1,part2,part3,part4,part5,part6
GB90,SPQQ,2081,2191,3619,39
GB08,QTAR,3863,7940,2654,23
GB10,OQOD,3315,0983,9301,03
GB27,UDAX,4332,1819,6001,33
GB96,ICGS,5376,7242,3884,96
GB65,CXPC,8227,8248,9638,34
GB65,KCQH,4738,2997,3763,11
GB00,AMIZ,7468,7234,3098,05
GB14,YKDC,6155,9407,8161,85
GB91,TGEL,2880,9570,1543,03
GB26,HCOZ,8108,0132,6773,60
GB48,LHEQ,7101,2269,1669,78
GB98,QTAR,3863,7940,2654,23
GB48,AVXD,8451,4627,0482,81
GB14,YKDC,6155,9407,8161,84
GB47,NNOX,0106,5133,3872,62
GB04,UTLS,3103,4131,6475,25
GB56,WVUC,9283,2764,8350,30
GB26,UDAX,4332,1819,6001,33
GB03,UTLS,3103,4131,6475,25